Radio 1,http://icecast.vrtcdn.be/radio1-high.mp3
Radio 1 Classics,http://icecast.vrtcdn.be/radio1_classics_high.mp3
Radio 2 Limburg,http://icecast.vrtcdn.be/ra2lim-high.mp3
Qmusic,https://playerservices.streamtheworld.com/api/livestream-redirect/QMUSIC.mp3
Q NonStop,https://playerservices.streamtheworld.com/api/livestream-redirect/QMAXIMUMHITS.mp3
Radio 10  60's & 70's Hits,http://playerservices.streamtheworld.com/api/livestream-redirect/TLPSTR18.mp3
Radio 10  Non-Stop,http://playerservices.streamtheworld.com/api/livestream-redirect/TLPSTR15.mp3
Veronica Rock Radio,http://playerservices.streamtheworld.com/api/livestream-redirect/SRGSTR11.mp3
Arrow Rock Radio,https://stream.arrowcaz.nl/arrowrockradio
Candlelight Radio,https://playerservices.streamtheworld.com/api/livestream-redirect/CANDLELIGHT.mp3
